{
  "authorization": "Guarded P1/P99 calibration authorized by Clement Paulus on 2025-08-29 (America/Chicago).",
  "method": "guarded_quantile",
  "epsilon_g": 0.05,
  "h_g": 0.05,
  "epsilon": 1e-08,
  "p": 3,
  "omega_policy": "pre_clip",
  "normalization_mode": "global_fixed",
  "frozen": [
    {
      "dataset": "umcp_full_audit",
      "channel": "y",
      "a": 0.3600580727865211,
      "b": 0.5542978409658479,
      "source_file": "umcp_full_audit.csv"
    },
    {
      "dataset": "umcp_full_audit",
      "channel": "omega",
      "a": -0.0037035625696637572,
      "b": 0.08405113558344653,
      "source_file": "umcp_full_audit.csv"
    },
    {
      "dataset": "umcp_full_audit",
      "channel": "F",
      "a": 0.9196524269862172,
      "b": 0.08405113558344657,
      "source_file": "umcp_full_audit.csv"
    },
    {
      "dataset": "umcp_full_audit",
      "channel": "S",
      "a": -0.003857925930946899,
      "b": 0.08744705995562163,
      "source_file": "umcp_full_audit.csv"
    },
    {
      "dataset": "umcp_full_audit",
      "channel": "C",
      "a": -0.00027631862320817187,
      "b": 0.006169928696230408,
      "source_file": "umcp_full_audit.csv"
    },
    {
      "dataset": "umcp_full_audit",
      "channel": "tau_R",
      "a": -0.563000000000011,
      "b": 34.38600000000024,
      "source_file": "umcp_full_audit.csv"
    },
    {
      "dataset": "umcp_full_audit",
      "channel": "IC",
      "a": 0.776278481488791,
      "b": 0.23390380753860252,
      "source_file": "umcp_full_audit.csv"
    },
    {
      "dataset": "umcp_full_audit",
      "channel": "kappa",
      "a": -0.2516051082568411,
      "b": 0.26311508081170254,
      "source_file": "umcp_full_audit.csv"
    },
    {
      "dataset": "MASTER CSV EQ SET ",
      "channel": "Tier",
      "a": 0.9,
      "b": 2.2,
      "source_file": "MASTER CSV EQ SET .csv"
    },
    {
      "dataset": "MASTER CSV EQ SET ",
      "channel": "Combined_Order",
      "a": -44994.225000000006,
      "b": 990010.45,
      "source_file": "MASTER CSV EQ SET .csv"
    },
    {
      "dataset": "MASTER CSV EQ SET ",
      "channel": "Tier_Order",
      "a": 0.11999999999999988,
      "b": 23.76,
      "source_file": "MASTER CSV EQ SET .csv"
    },
    {
      "dataset": "umcp_benchmark_v2_audit_20250826T132431",
      "channel": "y",
      "a": 0.77425,
      "b": 0.23650000000000004,
      "source_file": "umcp_benchmark_v2_audit_20250826T132431.csv"
    },
    {
      "dataset": "umcp_benchmark_v2_audit_20250826T132431",
      "channel": "omega",
      "a": -0.010749999999999994,
      "b": 0.23649999999999982,
      "source_file": "umcp_benchmark_v2_audit_20250826T132431.csv"
    },
    {
      "dataset": "umcp_benchmark_v2_audit_20250826T132431",
      "channel": "F",
      "a": 0.77425,
      "b": 0.23650000000000004,
      "source_file": "umcp_benchmark_v2_audit_20250826T132431.csv"
    },
    {
      "dataset": "umcp_benchmark_v2_audit_20250826T132431",
      "channel": "S",
      "a": -0.012370328542093238,
      "b": 0.2721472279260512,
      "source_file": "umcp_benchmark_v2_audit_20250826T132431.csv"
    },
    {
      "dataset": "umcp_benchmark_v2_audit_20250826T132431",
      "channel": "C",
      "a": -0.0026874999999999985,
      "b": 0.059124999999999955,
      "source_file": "umcp_benchmark_v2_audit_20250826T132431.csv"
    },
    {
      "dataset": "umcp_benchmark_v2_audit_20250826T132431",
      "channel": "tau_R",
      "a": 1.0,
      "b": 1.0,
      "source_file": "umcp_benchmark_v2_audit_20250826T132431.csv"
    },
    {
      "dataset": "umcp_benchmark_v2_audit_20250826T132431",
      "channel": "IC",
      "a": 0.45487234671624616,
      "b": 0.5710861129639326,
      "source_file": "umcp_benchmark_v2_audit_20250826T132431.csv"
    },
    {
      "dataset": "UMCP_master_CSV_v1.2.0",
      "channel": "Tier",
      "a": 0.9,
      "b": 2.2,
      "source_file": "UMCP_master_CSV_v1.2.0.csv"
    },
    {
      "dataset": "UMCP_master_CSV_v1.2.0",
      "channel": "Combined_Order",
      "a": -44994.225000000006,
      "b": 990010.45,
      "source_file": "UMCP_master_CSV_v1.2.0.csv"
    },
    {
      "dataset": "UMCP_master_CSV_v1.2.0",
      "channel": "Tier_Order",
      "a": 0.11999999999999988,
      "b": 23.76,
      "source_file": "UMCP_master_CSV_v1.2.0.csv"
    }
  ],
  "notes": "Per-channel (a,b) computed on available CSVs under /mnt/data."
}